Date,Impressions,Clicks,Likes,Comments,Shares,Post Text,Media Type
2024-11-01,850,25,45,8,3,"Excited to announce our latest innovation in AI-driven automation! ğŸš€",Image
2024-10-28,1200,42,67,12,5,"Team spotlight: Meet our amazing engineers building the future of technology ğŸ‘¨â€ğŸ’»ğŸ‘©â€ğŸ’»",Image
2024-10-25,950,31,52,9,4,"Behind the scenes at Ardelis Tech. Innovation happens when great minds collaborate! ğŸ’¡",Video
2024-10-22,1500,58,89,15,8,"We're hiring! Looking for talented developers to join our team. Check our careers page! ğŸ“ˆ",Text
2024-10-19,780,22,38,6,2,"Happy to share that we've successfully deployed our latest automation solution! âœ…",Image
2024-10-15,2100,78,156,23,11,"Big milestone reached! Thank you to our amazing team and clients for their continued support ğŸ‰",Video
2024-10-12,620,18,29,4,1,"Friday thoughts: Innovation isn't just about ideas, it's about execution! ğŸ’­",Text
2024-10-08,1800,65,134,18,9,"Case Study: How we helped a client reduce operational costs by 40% using automation ğŸ“Š",Article
2024-10-05,890,27,43,7,3,"Tech Talk: The future of AI in business automation and what it means for your company ğŸ¤–",Text
2024-10-01,2400,89,178,25,12,"September recap: Amazing month for our team! 3 new clients, 2 product launches, endless possibilities ğŸš€",Video
2024-09-28,1100,41,72,13,6,"Our latest blog post is live! '5 Ways Automation is Transforming Business Operations' ğŸ“",Article
2024-09-24,1560,55,98,16,8,"Quick win: Just implemented a custom automation solution that saves our client 15 hours/week â°",Image
2024-09-20,730,21,35,5,2,"Monday motivation: 'The best way to predict the future is to invent it!' - Alan Kay ğŸ’ª",Text
2024-09-17,1950,72,145,21,10,"Product launch alert! ğŸš€ Our new automation dashboard is now live. Link in comments!",Video
2024-09-14,880,33,58,11,5,"Team growth! Welcome to our newest team member. Excited to have you with us! ğŸ‘‹",Image
2024-09-11,1420,48,87,14,7,"Client testimonial: 'Ardelis Tech transformed how we handle our daily operations!' â­",Image
2024-09-08,590,17,24,3,1,"Weekend learning: Our team is always upskilling to bring you the latest tech solutions ğŸ“š",Text
2024-09-05,1680,61,119,17,9,"Industry insights: The automation market is projected to reach $25 billion by 2025 ğŸ“ˆ",Article
2024-09-01,2200,82,167,22,11,"August achievements: 95% client satisfaction rate, 500+ hours saved for clients! ğŸ†",Video
2024-08-29,940,35,61,10,4,"Pro tip: Start small with automation, then scale up. Every journey begins with a single step! ğŸš¶â€â™‚ï¸",Text
2024-08-25,1350,52,93,15,8,"Behind every successful automation is a team that cares about the details ğŸ”",Image
2024-08-22,810,26,41,7,3,"Quick question: What's one process in your business you'd love to automate? ğŸ¤”",Text
2024-08-18,1750,68,128,19,9,"Success story: Helped a client reduce manual data entry by 80% using our custom solution ğŸ“Š",Video
2024-08-15,720,23,37,6,2,"Innovation update: Our R&D team is working on something revolutionary! Stay tuned! ğŸ”¬",Text
2024-08-12,1580,57,105,16,8,"Partnership announcement! We're excited to collaborate with industry leaders ğŸ¤",Image
2024-08-08,990,38,69,12,5,"Friday reflection: Technology serves people, not the other way around! ğŸ’­",Text
2024-08-05,1850,71,142,20,10,"Webinar alert! Join us for 'Automation Strategies for 2025' - Link in bio! ğŸ¥",Video
2024-08-01,2500,95,198,28,15,"July results: Best month ever! 50+ projects completed, amazing team effort! ğŸ‰",Video
2024-07-29,1200,45,88,15,7,"Employee spotlight: Our lead developer shares insights on building scalable automation solutions ğŸ‘¨â€ğŸ’»",Image
2024-07-25,1050,41,76,13,6,"Client feedback: 'The ROI on our automation investment exceeded all expectations!' ğŸ’°",Image
2024-07-22,870,32,59,11,5,"Tech Tuesday: Understanding the difference between RPA and AI automation ğŸ¤–âš™ï¸",Text
2024-07-18,1650,62,131,18,9,"Case study complete! Streamlined workflow processes for a manufacturing client ğŸ­",Article
2024-07-15,780,28,46,8,4,"Midweek motivation: 'Simplicity is the ultimate sophistication!' - Leonardo da Vinci âœ¨",Text
2024-07-12,1920,73,159,22,11,"Product update: New features added to our automation platform based on client feedback! ğŸ†•",Video
2024-07-08,1120,44,91,14,7,"Industry news: Automation trends to watch in the coming months ğŸ“°",Article
2024-07-05,650,21,33,5,2,"Long weekend ahead! Time to recharge and come back stronger! ğŸ”‹â›±ï¸",Text
2024-07-01,2300,88,184,26,13,"Half-year review: Incredible growth, amazing clients, talented team! Onwards and upwards! ğŸ“ˆ",Video